<?xml version="1.0" encoding="UTF-8"?>
<MF0 version="1.1" packageUris="http://schema.mathworks.com/mf0/slsa_mm/R2020a">
  <slsa.mm.MaskTree type="slsa.mm.MaskTree" uuid="9d6660df-b4f2-443a-89e1-683a1a9c042a">
    <maskedBlocks type="slsa.mm.MaskedBlock" uuid="805f8b1e-52df-4023-84a0-1b63a301b5c4">
      <blockPath>ADCS_comportamento_v6_desafio/Signal Editor</blockPath>
      <id>ADCS_comportamento_v6_desafio:129</id>
      <masks type="slsa.mm.Mask" uuid="dbb8e6d5-8dc0-4a9a-812f-7156ab0f4f7c">
        <dialogParameters type="slsa.mm.DialogParameterInfo" uuid="2cbb2c71-7e14-46f8-bca5-2bbbfbf85320">
          <expression>E:\Documentos\EllaSat\CubeSat\[CUBESAT]DESAFIO_ADCS_modelo_comportamental\TC_cenario_1.mat</expression>
          <name>FileName</name>
        </dialogParameters>
        <dialogParameters type="slsa.mm.DialogParameterInfo" uuid="c50fb6fa-3fae-4d27-b829-715e5a8e01af">
          <expression>Scenario_1</expression>
          <name>ActiveScenario</name>
        </dialogParameters>
        <dialogParameters type="slsa.mm.DialogParameterInfo" uuid="0040ddec-9a2b-41f8-91d2-e1d5ead9397d">
          <expression>TC</expression>
          <name>ActiveSignal</name>
        </dialogParameters>
        <dialogParameters type="slsa.mm.DialogParameterInfo" uuid="b5ddcc05-4144-47b1-a233-ce69466d7d2c">
          <expression>off</expression>
          <name>IsBus</name>
        </dialogParameters>
        <dialogParameters type="slsa.mm.DialogParameterInfo" uuid="cf5adcf8-cfb4-483e-85f7-8ee4be1e7155">
          <expression>Bus: BusObject</expression>
          <name>OutputBusObjectStr</name>
        </dialogParameters>
        <dialogParameters type="slsa.mm.DialogParameterInfo" uuid="f0b6027a-729d-4372-ae86-3c5459f33ed1">
          <evaluate>true</evaluate>
          <expression>0</expression>
          <name>SampleTime</name>
        </dialogParameters>
        <dialogParameters type="slsa.mm.DialogParameterInfo" uuid="2c630f6a-5eb5-45a4-91ff-8303d931a525">
          <expression>off</expression>
          <name>Interpolate</name>
        </dialogParameters>
        <dialogParameters type="slsa.mm.DialogParameterInfo" uuid="e9d5c4fb-a711-4483-87e5-a54a4f7e8610">
          <expression>off</expression>
          <name>ZeroCross</name>
        </dialogParameters>
        <dialogParameters type="slsa.mm.DialogParameterInfo" uuid="6b3bc25d-ac00-4aac-a427-05597b36b4e9">
          <expression>Setting to zero</expression>
          <name>OutputAfterFinalValue</name>
        </dialogParameters>
        <dialogParameters type="slsa.mm.DialogParameterInfo" uuid="0d340ce0-208a-40b0-a0fd-1de9c49dfa2c">
          <expression>inherit</expression>
          <name>Unit</name>
        </dialogParameters>
        <dialogParameters type="slsa.mm.DialogParameterInfo" uuid="62468fc5-c278-4273-bed6-c7c3a624c847">
          <expression>off</expression>
          <name>DoNotInitMask</name>
        </dialogParameters>
        <dialogParameters type="slsa.mm.DialogParameterInfo" uuid="dc3cd27b-25a0-4286-9818-e90ff3e450e5">
          <expression>on</expression>
          <name>MaskParametersDefined</name>
        </dialogParameters>
        <dialogParameters type="slsa.mm.DialogParameterInfo" uuid="aafce125-f3bf-4427-94fa-a55771949762">
          <expression>1</expression>
          <name>NumberOfScenarios</name>
        </dialogParameters>
        <dialogParameters type="slsa.mm.DialogParameterInfo" uuid="b3fd1b3c-bf85-4b4e-9244-75e6de8a7c17">
          <expression>1</expression>
          <name>NumberOfSignals</name>
        </dialogParameters>
        <dialogParameters type="slsa.mm.DialogParameterInfo" uuid="d0a392fa-b50d-424b-870d-01f6f9b694c9">
          <expression>on</expression>
          <name>PreserveSignalName</name>
        </dialogParameters>
        <initializationCode>blockPath = gcb;
if strcmp(get_param(blockPath,&apos;DoNotInitMask&apos;),&apos;off&apos;)
    Simulink.signaleditorblock.cb_MaskInit(blockPath);
end

</initializationCode>
        <skipInitializationCode>true</skipInitializationCode>
      </masks>
      <parentId>root</parentId>
    </maskedBlocks>
    <maskedBlocks type="slsa.mm.MaskedBlock" uuid="1e04b423-96c4-43dd-aa29-7883f00878d7">
      <childrenIds>ADCS_comportamento_v6_desafio:129</childrenIds>
      <id>root</id>
    </maskedBlocks>
    <flags type="slsa.mm.MaskTreeFlags" uuid="ae81da81-8c9b-4d8d-bb6a-e5835a454579"/>
  </slsa.mm.MaskTree>
</MF0>